<?xml version="1.0" encoding="UTF-8"?>
<questestinterop xmlns="http://www.imsglobal.org/xsd/ims_qtiasiv1p2"><assessment ident="assessment00001"
   title="DATA606 Midterm"><qtimetadata><qtimetadatafield><fieldlabel>cc_profile</fieldlabel><fieldentry>cc.exam.v0p1</fieldentry></qtimetadatafield><qtimetadatafield><fieldlabel>qmd_scoretype</fieldlabel><fieldentry>Percentage</fieldentry></qtimetadatafield><qtimetadatafield><fieldlabel>qmd_assessmenttype</fieldlabel><fieldentry>Examination</fieldentry></qtimetadatafield><qtimetadatafield><fieldlabel>qmd_feedbackpermitted</fieldlabel><fieldentry>No</fieldentry></qtimetadatafield></qtimetadata><section
    ident="assessment00001_section"><item
       ident="QUE__545469739_1"><itemmetadata><qtimetadata><qtimetadatafield><fieldlabel>cc_profile</fieldlabel><fieldentry>cc.multiple_choice.v0p1</fieldentry></qtimetadatafield><qtimetadatafield><fieldlabel>cc_weighting</fieldlabel><fieldentry>0</fieldentry></qtimetadatafield><qtimetadatafield><fieldlabel>qmd_computerscored</fieldlabel><fieldentry>Yes</fieldentry></qtimetadatafield></qtimetadata></itemmetadata><presentation><material><mattext
       texttype="TEXT/HTML"
      xml:space="preserve"><![CDATA[<meta charset="UTF-8"><p>The January 2005 Gallup Youth Survey telephoned a random sample of 1,028 U.S. teens and asked these teens to name their favorite movie from 2004. Napoleon Dynamite had the highest percentage with 8% of teens ranking it as their favorite movie. Which is true?</p>
<ol style="list-style-type: upper-roman;">
<li><span style="font-size: 11pt; font-family: 'Times New Roman', serif;">The population of interest is all U.S. teens.</span></li>
<li><span style="font-size: 11pt; font-family: 'Times New Roman', serif;">8% is a statistic and not the actual percentage of all U.S. teens who would rank this movie as their favorite.</span></li>
<li><span style="font-size: 11pt; font-family: 'Times New Roman', serif;">This sampling design should provide a reasonably accurate estimate of the actual percentage of all U.S. teens who would rank this movie as their favorite.</span></li>
</ol>
<ul style="margin-top: 0px; margin-bottom: 0px;"></ul>]]></mattext></material><response_lid
      ident="response" rcardinality="Single"><render_choice shuffle="Yes"><response_label ident="answer_1"
          rshuffle="No"><material><mattext texttype="TEXT/HTML"
        xml:space="preserve"><![CDATA[<meta charset="UTF-8"><p>I only</p>]]></mattext></material></response_label><response_label
        ident="answer_2" rshuffle="No"><material><mattext texttype="TEXT/HTML"
        xml:space="preserve"><![CDATA[<p>II only</p>]]></mattext></material></response_label><response_label
        ident="answer_3" rshuffle="No"><material><mattext texttype="TEXT/HTML"
        xml:space="preserve"><![CDATA[<p>III only</p>]]></mattext></material></response_label><response_label
        ident="answer_4" rshuffle="No"><material><mattext texttype="TEXT/HTML"
        xml:space="preserve"><![CDATA[<p>I and II</p>]]></mattext></material></response_label><response_label
        ident="answer_5" rshuffle="No"><material><mattext texttype="TEXT/HTML"
       xml:space="preserve"><![CDATA[<p>I, II, and III</p>]]></mattext></material></response_label></render_choice></response_lid></presentation><resprocessing><outcomes><decvar
       maxvalue="100" minvalue="0" varname="SCORE" vartype="Decimal"/></outcomes><respcondition
        continue="No"><conditionvar><varequal case="Yes" respident="response">answer_5</varequal></conditionvar><setvar
       action="Set" varname="SCORE">100</setvar></respcondition></resprocessing></item><item
       ident="QUE__545469740_1"><itemmetadata><qtimetadata><qtimetadatafield><fieldlabel>cc_profile</fieldlabel><fieldentry>cc.multiple_choice.v0p1</fieldentry></qtimetadatafield><qtimetadatafield><fieldlabel>cc_weighting</fieldlabel><fieldentry>0</fieldentry></qtimetadatafield><qtimetadatafield><fieldlabel>qmd_computerscored</fieldlabel><fieldentry>Yes</fieldentry></qtimetadatafield></qtimetadata></itemmetadata><presentation><material><mattext
       texttype="TEXT/HTML"
      xml:space="preserve"><![CDATA[<meta charset="UTF-8"><p>A researcher wants to compare the effect of a new type of shampoo on hair condition. The researcher believes that men and women may react to the shampoo differently. Additionally, the researcher believes that the shampoo will react differently on hair that is dyed. The subjects are split into four groups: men who dye their hair; men who do not dye their hair; women who dye their hair; women who do not dye their hair. Subjects in each group are randomly assigned to the new shampoo and the old shampoo. This experiment</p>]]></mattext></material><response_lid
      ident="response" rcardinality="Single"><render_choice shuffle="Yes"><response_label ident="answer_1"
          rshuffle="No"><material><mattext texttype="TEXT/HTML"
        xml:space="preserve"><![CDATA[<p>is completely randomized</p>]]></mattext></material></response_label><response_label
        ident="answer_2" rshuffle="No"><material><mattext texttype="TEXT/HTML"
        xml:space="preserve"><![CDATA[<p>has three factors (shampoo type, gender, whether hair is dyed)</p>]]></mattext></material></response_label><response_label
        ident="answer_3" rshuffle="No"><material><mattext texttype="TEXT/HTML"
        xml:space="preserve"><![CDATA[<p>has two factors (gender and whether hair is dyed) blocked by shampoo type</p>]]></mattext></material></response_label><response_label
        ident="answer_4" rshuffle="No"><material><mattext texttype="TEXT/HTML"
        xml:space="preserve"><![CDATA[<p>has two factors (shampoo type and whether hair is dyed) blocked by gender</p>]]></mattext></material></response_label><response_label
        ident="answer_5" rshuffle="No"><material><mattext texttype="TEXT/HTML"
       xml:space="preserve"><![CDATA[<p>has one factor (shampoo type), blocked by gender and whether hair is dyed</p>]]></mattext></material></response_label></render_choice></response_lid></presentation><resprocessing><outcomes><decvar
       maxvalue="100" minvalue="0" varname="SCORE" vartype="Decimal"/></outcomes><respcondition
        continue="No"><conditionvar><varequal case="Yes" respident="response">answer_5</varequal></conditionvar><setvar
       action="Set" varname="SCORE">100</setvar></respcondition></resprocessing></item><item ident="QUE__545469741_1"
       title="Which is the best way to collect the data?"><itemmetadata><qtimetadata><qtimetadatafield><fieldlabel>cc_profile</fieldlabel><fieldentry>cc.multiple_choice.v0p1</fieldentry></qtimetadatafield><qtimetadatafield><fieldlabel>cc_weighting</fieldlabel><fieldentry>0</fieldentry></qtimetadatafield><qtimetadatafield><fieldlabel>qmd_computerscored</fieldlabel><fieldentry>Yes</fieldentry></qtimetadatafield></qtimetadata></itemmetadata><presentation><material><mattext
       texttype="TEXT/HTML"
      xml:space="preserve"><![CDATA[<p>We wish to compare the average ages of the math and science teachers at your high school. Which is the best way to collect the data?</p>]]></mattext></material><response_lid
      ident="response" rcardinality="Single"><render_choice shuffle="Yes"><response_label ident="answer_1"
          rshuffle="No"><material><mattext texttype="TEXT/HTML"
        xml:space="preserve"><![CDATA[<p>census</p>]]></mattext></material></response_label><response_label
        ident="answer_2" rshuffle="No"><material><mattext texttype="TEXT/HTML"
        xml:space="preserve"><![CDATA[<p>sample survey</p>]]></mattext></material></response_label><response_label
        ident="answer_3" rshuffle="No"><material><mattext texttype="TEXT/HTML"
        xml:space="preserve"><![CDATA[<p>observational study</p>]]></mattext></material></response_label><response_label
        ident="answer_4" rshuffle="No"><material><mattext texttype="TEXT/HTML"
        xml:space="preserve"><![CDATA[<p>experiment</p>]]></mattext></material></response_label><response_label
        ident="answer_5" rshuffle="No"><material><mattext texttype="TEXT/HTML"
       xml:space="preserve"><![CDATA[<p>simulation</p>]]></mattext></material></response_label></render_choice></response_lid></presentation><resprocessing><outcomes><decvar
       maxvalue="100" minvalue="0" varname="SCORE" vartype="Decimal"/></outcomes><respcondition
        continue="No"><conditionvar><varequal case="Yes" respident="response">answer_1</varequal></conditionvar><setvar
       action="Set" varname="SCORE">100</setvar></respcondition></resprocessing></item><item
       ident="QUE__545469742_1"><itemmetadata><qtimetadata><qtimetadatafield><fieldlabel>cc_profile</fieldlabel><fieldentry>cc.multiple_choice.v0p1</fieldentry></qtimetadatafield><qtimetadatafield><fieldlabel>cc_weighting</fieldlabel><fieldentry>0</fieldentry></qtimetadatafield><qtimetadatafield><fieldlabel>qmd_computerscored</fieldlabel><fieldentry>Yes</fieldentry></qtimetadatafield></qtimetadata></itemmetadata><presentation><material><mattext
       texttype="TEXT/HTML"
      xml:space="preserve"><![CDATA[<meta charset="UTF-8"><p>A researcher wants to compare the performance of three types of pain relievers in volunteers suffering from arthritis. Because people of different ages may suffer arthritis of varying degrees of severity, the subjects are split into two groups: younger than 60 and older than 60. Subjects in each group are randomly assigned to take one of the medications. Twenty minutes later they rate their levels of pain. This experiment …</p>]]></mattext></material><response_lid
      ident="response" rcardinality="Single"><render_choice shuffle="Yes"><response_label ident="answer_1"
          rshuffle="No"><material><mattext texttype="TEXT/HTML"
        xml:space="preserve"><![CDATA[<p>is completely randomized.</p>]]></mattext></material></response_label><response_label
        ident="answer_2" rshuffle="No"><material><mattext texttype="TEXT/HTML"
        xml:space="preserve"><![CDATA[<p>uses matched pairs.</p>]]></mattext></material></response_label><response_label
        ident="answer_3" rshuffle="No"><material><mattext texttype="TEXT/HTML"
        xml:space="preserve"><![CDATA[<p>has two factors, medication and age.</p>]]></mattext></material></response_label><response_label
        ident="answer_4" rshuffle="No"><material><mattext texttype="TEXT/HTML"
        xml:space="preserve"><![CDATA[<p>has one factor (med.) blocked by age.</p>]]></mattext></material></response_label><response_label
        ident="answer_5" rshuffle="No"><material><mattext texttype="TEXT/HTML"
       xml:space="preserve"><![CDATA[<p>has one factor (age) blocked by medication type.</p>]]></mattext></material></response_label></render_choice></response_lid></presentation><resprocessing><outcomes><decvar
       maxvalue="100" minvalue="0" varname="SCORE" vartype="Decimal"/></outcomes><respcondition
        continue="No"><conditionvar><varequal case="Yes" respident="response">answer_4</varequal></conditionvar><setvar
       action="Set" varname="SCORE">100</setvar></respcondition></resprocessing></item><item
       ident="QUE__545469743_1"><itemmetadata><qtimetadata><qtimetadatafield><fieldlabel>cc_profile</fieldlabel><fieldentry>cc.multiple_choice.v0p1</fieldentry></qtimetadatafield><qtimetadatafield><fieldlabel>cc_weighting</fieldlabel><fieldentry>0</fieldentry></qtimetadatafield><qtimetadatafield><fieldlabel>qmd_computerscored</fieldlabel><fieldentry>Yes</fieldentry></qtimetadatafield></qtimetadata></itemmetadata><presentation><material><mattext
       texttype="TEXT/HTML"
      xml:space="preserve"><![CDATA[<p>School administrators collect data on students attending the school. Which of the following variables is quantitative?</p>]]></mattext></material><response_lid
      ident="response" rcardinality="Single"><render_choice shuffle="Yes"><response_label ident="answer_1"
          rshuffle="No"><material><mattext texttype="TEXT/HTML"
        xml:space="preserve"><![CDATA[<p>class (freshman, soph., junior, senior)</p>]]></mattext></material></response_label><response_label
        ident="answer_2" rshuffle="No"><material><mattext texttype="TEXT/HTML"
        xml:space="preserve"><![CDATA[<p>grade point average</p>]]></mattext></material></response_label><response_label
        ident="answer_3" rshuffle="No"><material><mattext texttype="TEXT/HTML"
        xml:space="preserve"><![CDATA[<p>whether the student is in AP* classes</p>]]></mattext></material></response_label><response_label
        ident="answer_4" rshuffle="No"><material><mattext texttype="TEXT/HTML"
       xml:space="preserve"><![CDATA[<p>whether the student has taken the SAT</p>]]></mattext></material></response_label></render_choice></response_lid></presentation><resprocessing><outcomes><decvar
       maxvalue="100" minvalue="0" varname="SCORE" vartype="Decimal"/></outcomes><respcondition
        continue="No"><conditionvar><varequal case="Yes" respident="response">answer_2</varequal></conditionvar><setvar
       action="Set" varname="SCORE">100</setvar></respcondition></resprocessing></item><item
       ident="QUE__545469744_1"><itemmetadata><qtimetadata><qtimetadatafield><fieldlabel>cc_profile</fieldlabel><fieldentry>cc.multiple_choice.v0p1</fieldentry></qtimetadatafield><qtimetadatafield><fieldlabel>cc_weighting</fieldlabel><fieldentry>0</fieldentry></qtimetadatafield><qtimetadatafield><fieldlabel>qmd_computerscored</fieldlabel><fieldentry>Yes</fieldentry></qtimetadatafield></qtimetadata></itemmetadata><presentation><material><mattext
       texttype="TEXT/HTML"
      xml:space="preserve"><![CDATA[<p>A professor has kept records on grades that students have earned in his class. If he wants to examine the percentage of students earning the grades A, B, C, D, and F during the most recent term, which kind of plot could he make?</p>]]></mattext></material><response_lid
      ident="response" rcardinality="Single"><render_choice shuffle="Yes"><response_label ident="answer_1"
          rshuffle="No"><material><mattext texttype="TEXT/HTML"
        xml:space="preserve"><![CDATA[<p>boxplot</p>]]></mattext></material></response_label><response_label
        ident="answer_2" rshuffle="No"><material><mattext texttype="TEXT/HTML"
        xml:space="preserve"><![CDATA[<p>barplot</p>]]></mattext></material></response_label><response_label
        ident="answer_3" rshuffle="No"><material><mattext texttype="TEXT/HTML"
        xml:space="preserve"><![CDATA[<p>dotplot</p>]]></mattext></material></response_label><response_label
        ident="answer_4" rshuffle="No"><material><mattext texttype="TEXT/HTML"
        xml:space="preserve"><![CDATA[<p>pie chart</p>]]></mattext></material></response_label><response_label
        ident="answer_5" rshuffle="No"><material><mattext texttype="TEXT/HTML"
       xml:space="preserve"><![CDATA[<p>histogram</p>]]></mattext></material></response_label></render_choice></response_lid></presentation><resprocessing><outcomes><decvar
       maxvalue="100" minvalue="0" varname="SCORE" vartype="Decimal"/></outcomes><respcondition
        continue="No"><conditionvar><varequal case="Yes" respident="response">answer_2</varequal></conditionvar><setvar
       action="Set" varname="SCORE">100</setvar></respcondition></resprocessing></item><item
       ident="QUE__545469745_1"><itemmetadata><qtimetadata><qtimetadatafield><fieldlabel>cc_profile</fieldlabel><fieldentry>cc.multiple_choice.v0p1</fieldentry></qtimetadatafield><qtimetadatafield><fieldlabel>cc_weighting</fieldlabel><fieldentry>0</fieldentry></qtimetadatafield><qtimetadatafield><fieldlabel>qmd_computerscored</fieldlabel><fieldentry>Yes</fieldentry></qtimetadatafield></qtimetadata></itemmetadata><presentation><material><mattext
       texttype="TEXT/HTML"
      xml:space="preserve"><![CDATA[<p>Two sections of a class took the same quiz. Section A had 15 students who had a mean score of 80, and Section B had 20 students who had a mean score of 90. Overall, what was the approximate mean score for all of the students on the quiz?</p>]]></mattext></material><response_lid
      ident="response" rcardinality="Single"><render_choice shuffle="Yes"><response_label ident="answer_1"
          rshuffle="No"><material><mattext texttype="TEXT/HTML"
        xml:space="preserve"><![CDATA[<p>84.3</p>]]></mattext></material></response_label><response_label
        ident="answer_2" rshuffle="No"><material><mattext texttype="TEXT/HTML"
        xml:space="preserve"><![CDATA[<p>85.0</p>]]></mattext></material></response_label><response_label
        ident="answer_3" rshuffle="No"><material><mattext texttype="TEXT/HTML"
        xml:space="preserve"><![CDATA[<p>85.7</p>]]></mattext></material></response_label><response_label
        ident="answer_4" rshuffle="No"><material><mattext texttype="TEXT/HTML"
        xml:space="preserve"><![CDATA[<p>None of these.</p>]]></mattext></material></response_label><response_label
        ident="answer_5" rshuffle="No"><material><mattext texttype="TEXT/HTML"
       xml:space="preserve"><![CDATA[<p>It cannot be determined.</p>]]></mattext></material></response_label></render_choice></response_lid></presentation><resprocessing><outcomes><decvar
       maxvalue="100" minvalue="0" varname="SCORE" vartype="Decimal"/></outcomes><respcondition
        continue="No"><conditionvar><varequal case="Yes" respident="response">answer_3</varequal></conditionvar><setvar
       action="Set" varname="SCORE">100</setvar></respcondition></resprocessing></item><item
       ident="QUE__545469746_1"><itemmetadata><qtimetadata><qtimetadatafield><fieldlabel>cc_profile</fieldlabel><fieldentry>cc.multiple_choice.v0p1</fieldentry></qtimetadatafield><qtimetadatafield><fieldlabel>cc_weighting</fieldlabel><fieldentry>0</fieldentry></qtimetadatafield><qtimetadatafield><fieldlabel>qmd_computerscored</fieldlabel><fieldentry>Yes</fieldentry></qtimetadatafield></qtimetadata></itemmetadata><presentation><material><mattext
       texttype="TEXT/HTML"
      xml:space="preserve"><![CDATA[<meta charset="UTF-8"><p>We have created 99% confidence interval for&nbsp;<math xmlns="http://www.w3.org/1998/Math/MathML"><mi>μ</mi></math>&nbsp;with the result (10, 15). What conclusion will we make if we test H<sub>0</sub>: <math xmlns="http://www.w3.org/1998/Math/MathML"><mi>μ</mi></math>&nbsp;= 17 vs. H<sub>a</sub>:&nbsp;<math xmlns="http://www.w3.org/1998/Math/MathML"><mi>μ</mi></math> ≠ 17 at <math xmlns="http://www.w3.org/1998/Math/MathML"><mi>α</mi></math>&nbsp;= .01?</p>]]></mattext></material><response_lid
      ident="response" rcardinality="Single"><render_choice shuffle="Yes"><response_label ident="answer_1"
          rshuffle="No"><material><mattext texttype="TEXT/HTML"
        xml:space="preserve"><![CDATA[<meta charset="UTF-8"><p>Reject H<sub>0</sub>&nbsp;in favor of H<sub>a</sub></p>]]></mattext></material></response_label><response_label
        ident="answer_2" rshuffle="No"><material><mattext texttype="TEXT/HTML"
        xml:space="preserve"><![CDATA[<p>Fail to reject H<sub>0</sub></p>]]></mattext></material></response_label><response_label
        ident="answer_3" rshuffle="No"><material><mattext texttype="TEXT/HTML"
        xml:space="preserve"><![CDATA[<meta charset="UTF-8"><p>Accept H<sub>0&nbsp;</sub>rather than H<sub>a</sub></p>]]></mattext></material></response_label><response_label
        ident="answer_4" rshuffle="No"><material><mattext texttype="TEXT/HTML"
       xml:space="preserve"><![CDATA[<p>We cannot tell what our decision will be with the information given</p>]]></mattext></material></response_label></render_choice></response_lid></presentation><resprocessing><outcomes><decvar
       maxvalue="100" minvalue="0" varname="SCORE" vartype="Decimal"/></outcomes><respcondition
        continue="No"><conditionvar><varequal case="Yes" respident="response">answer_1</varequal></conditionvar><setvar
       action="Set" varname="SCORE">100</setvar></respcondition></resprocessing></item><item
       ident="QUE__545469747_1"><itemmetadata><qtimetadata><qtimetadatafield><fieldlabel>cc_profile</fieldlabel><fieldentry>cc.multiple_choice.v0p1</fieldentry></qtimetadatafield><qtimetadatafield><fieldlabel>cc_weighting</fieldlabel><fieldentry>0</fieldentry></qtimetadatafield><qtimetadatafield><fieldlabel>qmd_computerscored</fieldlabel><fieldentry>Yes</fieldentry></qtimetadatafield></qtimetadata></itemmetadata><presentation><material><mattext
       texttype="TEXT/HTML"
      xml:space="preserve"><![CDATA[<meta charset="UTF-8"><p>The five-number summary of credit hours for 24 students in a statistics class is:</p> 
<table border="1" style="border-collapse: collapse; width: 39.07563025210084%; height: 37px;"> 
 <tbody> 
  <tr style="height: 18px;"> 
   <td style="width: 20%; height: 18px; text-align: center;">Min</td> 
   <td style="width: 20%; height: 18px; text-align: center;">Q1</td> 
   <td style="width: 20%; height: 18px; text-align: center;">Median</td> 
   <td style="width: 20%; height: 18px; text-align: center;">Q3</td> 
   <td style="width: 20%; height: 18px; text-align: center;">Max</td> 
  </tr> 
  <tr style="height: 18px;"> 
   <td style="width: 20%; height: 18px; text-align: center;">13.0</td> 
   <td style="width: 20%; height: 18px; text-align: center;">15.0</td> 
   <td style="width: 20%; height: 18px; text-align: center;">16.5</td> 
   <td style="width: 20%; height: 18px; text-align: center;">18.0</td> 
   <td style="width: 20%; height: 18px; text-align: center;">22.0</td> 
  </tr> 
 </tbody> 
</table> 
<p><br></p> 
<p>Which statement is true?</p>]]></mattext></material><response_lid
      ident="response" rcardinality="Single"><render_choice shuffle="Yes"><response_label ident="answer_1"
          rshuffle="No"><material><mattext texttype="TEXT/HTML"
        xml:space="preserve"><![CDATA[<p>There are no outliers in the data</p>]]></mattext></material></response_label><response_label
        ident="answer_2" rshuffle="No"><material><mattext texttype="TEXT/HTML"
        xml:space="preserve"><![CDATA[<p>There is at least one low outlier in the data</p>]]></mattext></material></response_label><response_label
        ident="answer_3" rshuffle="No"><material><mattext texttype="TEXT/HTML"
        xml:space="preserve"><![CDATA[<p>There is at least one high outlier in the data</p>]]></mattext></material></response_label><response_label
        ident="answer_4" rshuffle="No"><material><mattext texttype="TEXT/HTML"
        xml:space="preserve"><![CDATA[<p>There are both low and high outliers in the data</p>]]></mattext></material></response_label><response_label
        ident="answer_5" rshuffle="No"><material><mattext texttype="TEXT/HTML"
       xml:space="preserve"><![CDATA[<p>None of the above</p>]]></mattext></material></response_label></render_choice></response_lid></presentation><resprocessing><outcomes><decvar
       maxvalue="100" minvalue="0" varname="SCORE" vartype="Decimal"/></outcomes><respcondition
        continue="No"><conditionvar><varequal case="Yes" respident="response">answer_1</varequal></conditionvar><setvar
       action="Set" varname="SCORE">100</setvar></respcondition></resprocessing></item><item
       ident="QUE__545469748_1"><itemmetadata><qtimetadata><qtimetadatafield><fieldlabel>cc_profile</fieldlabel><fieldentry>cc.multiple_choice.v0p1</fieldentry></qtimetadatafield><qtimetadatafield><fieldlabel>cc_weighting</fieldlabel><fieldentry>0</fieldentry></qtimetadatafield><qtimetadatafield><fieldlabel>qmd_computerscored</fieldlabel><fieldentry>Yes</fieldentry></qtimetadatafield></qtimetadata></itemmetadata><presentation><material><mattext
       texttype="TEXT/HTML"
      xml:space="preserve"><![CDATA[<meta charset="UTF-8"><p>Suppose that a Normal model describes fuel economy (miles per gallon) for automobiles and that a Toyota Corolla has a standardized score (z-score) of +2.2. This means that Corollas&nbsp;</p>]]></mattext></material><response_lid
      ident="response" rcardinality="Single"><render_choice shuffle="Yes"><response_label ident="answer_1"
          rshuffle="No"><material><mattext texttype="TEXT/HTML"
        xml:space="preserve"><![CDATA[<p>get 2.2 miles per gallon</p>]]></mattext></material></response_label><response_label
        ident="answer_2" rshuffle="No"><material><mattext texttype="TEXT/HTML"
        xml:space="preserve"><![CDATA[<p>get 2.2 times the gas mileage of the average car</p>]]></mattext></material></response_label><response_label
        ident="answer_3" rshuffle="No"><material><mattext texttype="TEXT/HTML"
        xml:space="preserve"><![CDATA[<p>get 2.2 mpg more than the average car</p>]]></mattext></material></response_label><response_label
        ident="answer_4" rshuffle="No"><material><mattext texttype="TEXT/HTML"
        xml:space="preserve"><![CDATA[<p>have a standard deviation of 2.2 mpg</p>]]></mattext></material></response_label><response_label
        ident="answer_5" rshuffle="No"><material><mattext texttype="TEXT/HTML"
       xml:space="preserve"><![CDATA[<p>achieve fuel economy that is 2.2 standard deviations better than the average car</p>]]></mattext></material></response_label></render_choice></response_lid></presentation><resprocessing><outcomes><decvar
       maxvalue="100" minvalue="0" varname="SCORE" vartype="Decimal"/></outcomes><respcondition
        continue="No"><conditionvar><varequal case="Yes" respident="response">answer_5</varequal></conditionvar><setvar
       action="Set" varname="SCORE">100</setvar></respcondition></resprocessing></item><item
       ident="QUE__545469749_1"><itemmetadata><qtimetadata><qtimetadatafield><fieldlabel>cc_profile</fieldlabel><fieldentry>cc.multiple_choice.v0p1</fieldentry></qtimetadatafield><qtimetadatafield><fieldlabel>cc_weighting</fieldlabel><fieldentry>0</fieldentry></qtimetadatafield><qtimetadatafield><fieldlabel>qmd_computerscored</fieldlabel><fieldentry>Yes</fieldentry></qtimetadatafield></qtimetadata></itemmetadata><presentation><material><mattext
       texttype="TEXT/HTML"
      xml:space="preserve"><![CDATA[<meta charset="UTF-8"><p>Five juniors and four seniors have applied for two open student council positions. School administrators have decided to pick the two new members randomly. What is the probability they are both juniors or both seniors?</p>]]></mattext></material><response_lid
      ident="response" rcardinality="Single"><render_choice shuffle="Yes"><response_label ident="answer_1"
          rshuffle="No"><material><mattext texttype="TEXT/HTML"
        xml:space="preserve"><![CDATA[<meta charset="UTF-8"><p>0.395</p>]]></mattext></material></response_label><response_label
        ident="answer_2" rshuffle="No"><material><mattext texttype="TEXT/HTML"
        xml:space="preserve"><![CDATA[<meta charset="UTF-8"><p>0.444</p>]]></mattext></material></response_label><response_label
        ident="answer_3" rshuffle="No"><material><mattext texttype="TEXT/HTML"
        xml:space="preserve"><![CDATA[<meta charset="UTF-8"><p>0.506</p>]]></mattext></material></response_label><response_label
        ident="answer_4" rshuffle="No"><material><mattext texttype="TEXT/HTML"
        xml:space="preserve"><![CDATA[<meta charset="UTF-8"><p>0.569</p>]]></mattext></material></response_label><response_label
        ident="answer_5" rshuffle="No"><material><mattext texttype="TEXT/HTML"
       xml:space="preserve"><![CDATA[<meta charset="UTF-8"><p>0.722</p>]]></mattext></material></response_label></render_choice></response_lid></presentation><resprocessing><outcomes><decvar
       maxvalue="100" minvalue="0" varname="SCORE" vartype="Decimal"/></outcomes><respcondition
        continue="No"><conditionvar><varequal case="Yes" respident="response">answer_2</varequal></conditionvar><setvar
       action="Set" varname="SCORE">100</setvar></respcondition></resprocessing></item><item
       ident="QUE__545469750_1"><itemmetadata><qtimetadata><qtimetadatafield><fieldlabel>cc_profile</fieldlabel><fieldentry>cc.multiple_choice.v0p1</fieldentry></qtimetadatafield><qtimetadatafield><fieldlabel>cc_weighting</fieldlabel><fieldentry>0</fieldentry></qtimetadatafield><qtimetadatafield><fieldlabel>qmd_computerscored</fieldlabel><fieldentry>Yes</fieldentry></qtimetadatafield></qtimetadata></itemmetadata><presentation><material><mattext
       texttype="TEXT/HTML"
      xml:space="preserve"><![CDATA[<meta charset="UTF-8"><p>A fair coin has come up “heads” 10 times in a row. The probability that the coin will come up heads on the next flip is</p>]]></mattext></material><response_lid
      ident="response" rcardinality="Single"><render_choice shuffle="Yes"><response_label ident="answer_1"
          rshuffle="No"><material><mattext texttype="TEXT/HTML"
        xml:space="preserve"><![CDATA[<meta charset="UTF-8"><p>less than 50%, since “tails” is due to come up</p>]]></mattext></material></response_label><response_label
        ident="answer_2" rshuffle="No"><material><mattext texttype="TEXT/HTML"
        xml:space="preserve"><![CDATA[<p>50%</p>]]></mattext></material></response_label><response_label
        ident="answer_3" rshuffle="No"><material><mattext texttype="TEXT/HTML"
        xml:space="preserve"><![CDATA[<meta charset="UTF-8"><p>greater than 50%, since it appears that we are in a streak of “heads.”</p>]]></mattext></material></response_label><response_label
        ident="answer_4" rshuffle="No"><material><mattext texttype="TEXT/HTML"
       xml:space="preserve"><![CDATA[<p>It cannot be determined</p>]]></mattext></material></response_label></render_choice></response_lid></presentation><resprocessing><outcomes><decvar
       maxvalue="100" minvalue="0" varname="SCORE" vartype="Decimal"/></outcomes><respcondition
        continue="No"><conditionvar><varequal case="Yes" respident="response">answer_2</varequal></conditionvar><setvar
       action="Set" varname="SCORE">100</setvar></respcondition></resprocessing></item><item
       ident="QUE__545469751_1"><itemmetadata><qtimetadata><qtimetadatafield><fieldlabel>cc_profile</fieldlabel><fieldentry>cc.multiple_choice.v0p1</fieldentry></qtimetadatafield><qtimetadatafield><fieldlabel>cc_weighting</fieldlabel><fieldentry>0</fieldentry></qtimetadatafield><qtimetadatafield><fieldlabel>qmd_computerscored</fieldlabel><fieldentry>Yes</fieldentry></qtimetadatafield></qtimetadata></itemmetadata><presentation><material><mattext
       texttype="TEXT/HTML"
      xml:space="preserve"><![CDATA[<meta charset="UTF-8"><p>According to the Economics and Statistics Administration, 76.7% of U.S. households owned a computer in 2010 What is the probability that of three randomly selected U.S. households at least one owned a computer in 2010?</p>]]></mattext></material><response_lid
      ident="response" rcardinality="Single"><render_choice shuffle="Yes"><response_label ident="answer_1"
          rshuffle="No"><material><mattext texttype="TEXT/HTML"
        xml:space="preserve"><![CDATA[<meta charset="UTF-8"><p>45.1%</p>]]></mattext></material></response_label><response_label
        ident="answer_2" rshuffle="No"><material><mattext texttype="TEXT/HTML"
        xml:space="preserve"><![CDATA[<p>23.3%</p>]]></mattext></material></response_label><response_label
        ident="answer_3" rshuffle="No"><material><mattext texttype="TEXT/HTML"
        xml:space="preserve"><![CDATA[<meta charset="UTF-8"><p>76.7%</p>]]></mattext></material></response_label><response_label
        ident="answer_4" rshuffle="No"><material><mattext texttype="TEXT/HTML"
        xml:space="preserve"><![CDATA[<meta charset="UTF-8"><p>80.9%</p>]]></mattext></material></response_label><response_label
        ident="answer_5" rshuffle="No"><material><mattext texttype="TEXT/HTML"
       xml:space="preserve"><![CDATA[<meta charset="UTF-8"><p>98.7%</p>]]></mattext></material></response_label></render_choice></response_lid></presentation><resprocessing><outcomes><decvar
       maxvalue="100" minvalue="0" varname="SCORE" vartype="Decimal"/></outcomes><respcondition
        continue="No"><conditionvar><varequal case="Yes" respident="response">answer_5</varequal></conditionvar><setvar
       action="Set" varname="SCORE">100</setvar></respcondition></resprocessing></item><item
       ident="QUE__545469752_1"><itemmetadata><qtimetadata><qtimetadatafield><fieldlabel>cc_profile</fieldlabel><fieldentry>cc.multiple_choice.v0p1</fieldentry></qtimetadatafield><qtimetadatafield><fieldlabel>cc_weighting</fieldlabel><fieldentry>0</fieldentry></qtimetadatafield><qtimetadatafield><fieldlabel>qmd_computerscored</fieldlabel><fieldentry>Yes</fieldentry></qtimetadatafield></qtimetadata></itemmetadata><presentation><material><mattext
       texttype="TEXT/HTML"
      xml:space="preserve"><![CDATA[<meta charset="UTF-8"><p>Which two events are most likely to be independent?</p>]]></mattext></material><response_lid
      ident="response" rcardinality="Single"><render_choice shuffle="Yes"><response_label ident="answer_1"
          rshuffle="No"><material><mattext texttype="TEXT/HTML"
        xml:space="preserve"><![CDATA[<meta charset="UTF-8"><p>being a senior; going to homeroom</p>]]></mattext></material></response_label><response_label
        ident="answer_2" rshuffle="No"><material><mattext texttype="TEXT/HTML"
        xml:space="preserve"><![CDATA[<meta charset="UTF-8"><p>registering to vote; being left-handed</p>]]></mattext></material></response_label><response_label
        ident="answer_3" rshuffle="No"><material><mattext texttype="TEXT/HTML"
        xml:space="preserve"><![CDATA[<meta charset="UTF-8"><p>having a car accident; having a junior license</p>]]></mattext></material></response_label><response_label
        ident="answer_4" rshuffle="No"><material><mattext texttype="TEXT/HTML"
        xml:space="preserve"><![CDATA[<meta charset="UTF-8"><p>doing the Statistics homework; getting an A on the test</p>]]></mattext></material></response_label><response_label
        ident="answer_5" rshuffle="No"><material><mattext texttype="TEXT/HTML"
       xml:space="preserve"><![CDATA[<meta charset="UTF-8"><p>having 3 inches of snow in the morning; being on time for school</p>]]></mattext></material></response_label></render_choice></response_lid></presentation><resprocessing><outcomes><decvar
       maxvalue="100" minvalue="0" varname="SCORE" vartype="Decimal"/></outcomes><respcondition
        continue="No"><conditionvar><varequal case="Yes" respident="response">answer_2</varequal></conditionvar><setvar
       action="Set" varname="SCORE">100</setvar></respcondition></resprocessing></item><item
       ident="QUE__545469753_1"><itemmetadata><qtimetadata><qtimetadatafield><fieldlabel>cc_profile</fieldlabel><fieldentry>cc.multiple_choice.v0p1</fieldentry></qtimetadatafield><qtimetadatafield><fieldlabel>cc_weighting</fieldlabel><fieldentry>0</fieldentry></qtimetadatafield><qtimetadatafield><fieldlabel>qmd_computerscored</fieldlabel><fieldentry>Yes</fieldentry></qtimetadatafield></qtimetadata></itemmetadata><presentation><material><mattext
       texttype="TEXT/HTML"
      xml:space="preserve"><![CDATA[<meta charset="UTF-8"><p>Six Republicans and four Democrats have applied for two open positions on a planning committee. Since all the applicants are qualified to serve, the City Council decides to pick the two new members randomly. What is the probability that both come from the same party?</p>]]></mattext></material><response_lid
      ident="response" rcardinality="Single"><render_choice shuffle="Yes"><response_label ident="answer_1"
          rshuffle="No"><material><mattext texttype="TEXT/HTML"
        xml:space="preserve"><![CDATA[<meta charset="UTF-8"><p>66/90</p>]]></mattext></material></response_label><response_label
        ident="answer_2" rshuffle="No"><material><mattext texttype="TEXT/HTML"
        xml:space="preserve"><![CDATA[<meta charset="UTF-8"><p>52/90</p>]]></mattext></material></response_label><response_label
        ident="answer_3" rshuffle="No"><material><mattext texttype="TEXT/HTML"
        xml:space="preserve"><![CDATA[<meta charset="UTF-8"><p>52/100</p>]]></mattext></material></response_label><response_label
        ident="answer_4" rshuffle="No"><material><mattext texttype="TEXT/HTML"
        xml:space="preserve"><![CDATA[<meta charset="UTF-8"><p>42/90</p>]]></mattext></material></response_label><response_label
        ident="answer_5" rshuffle="No"><material><mattext texttype="TEXT/HTML"
       xml:space="preserve"><![CDATA[<meta charset="UTF-8"><p>42/100</p>]]></mattext></material></response_label></render_choice></response_lid></presentation><resprocessing><outcomes><decvar
       maxvalue="100" minvalue="0" varname="SCORE" vartype="Decimal"/></outcomes><respcondition
        continue="No"><conditionvar><varequal case="Yes" respident="response">answer_4</varequal></conditionvar><setvar
       action="Set" varname="SCORE">100</setvar></respcondition></resprocessing></item><item
       ident="QUE__545469754_1"><itemmetadata><qtimetadata><qtimetadatafield><fieldlabel>cc_profile</fieldlabel><fieldentry>cc.multiple_choice.v0p1</fieldentry></qtimetadatafield><qtimetadatafield><fieldlabel>cc_weighting</fieldlabel><fieldentry>0</fieldentry></qtimetadatafield><qtimetadatafield><fieldlabel>qmd_computerscored</fieldlabel><fieldentry>Yes</fieldentry></qtimetadatafield></qtimetadata></itemmetadata><presentation><material><mattext
       texttype="TEXT/HTML"
      xml:space="preserve"><![CDATA[<meta charset="UTF-8"><p>A friend of yours plans to toss a fair coin 200 times. You watch the first 40 tosses, noticing that she got only 16 heads. But then you get bored and leave. If the coin is fair, how many heads do you expect her to have when she has finished the 200 tosses?</p>]]></mattext></material><response_lid
      ident="response" rcardinality="Single"><render_choice shuffle="Yes"><response_label ident="answer_1"
          rshuffle="No"><material><mattext texttype="TEXT/HTML"
        xml:space="preserve"><![CDATA[<p>80</p>]]></mattext></material></response_label><response_label ident="answer_2"
          rshuffle="No"><material><mattext texttype="TEXT/HTML"
        xml:space="preserve"><![CDATA[<p>92</p>]]></mattext></material></response_label><response_label ident="answer_3"
          rshuffle="No"><material><mattext texttype="TEXT/HTML"
        xml:space="preserve"><![CDATA[<p>96</p>]]></mattext></material></response_label><response_label ident="answer_4"
          rshuffle="No"><material><mattext texttype="TEXT/HTML"
        xml:space="preserve"><![CDATA[<p>100</p>]]></mattext></material></response_label><response_label
        ident="answer_5" rshuffle="No"><material><mattext texttype="TEXT/HTML"
       xml:space="preserve"><![CDATA[<p>116</p>]]></mattext></material></response_label></render_choice></response_lid></presentation><resprocessing><outcomes><decvar
       maxvalue="100" minvalue="0" varname="SCORE" vartype="Decimal"/></outcomes><respcondition
        continue="No"><conditionvar><varequal case="Yes" respident="response">answer_3</varequal></conditionvar><setvar
       action="Set" varname="SCORE">100</setvar></respcondition></resprocessing></item><item
       ident="QUE__545469755_1"><itemmetadata><qtimetadata><qtimetadatafield><fieldlabel>cc_profile</fieldlabel><fieldentry>cc.multiple_choice.v0p1</fieldentry></qtimetadatafield><qtimetadatafield><fieldlabel>cc_weighting</fieldlabel><fieldentry>0</fieldentry></qtimetadatafield><qtimetadatafield><fieldlabel>qmd_computerscored</fieldlabel><fieldentry>Yes</fieldentry></qtimetadatafield></qtimetadata></itemmetadata><presentation><material><mattext
       texttype="TEXT/HTML"
      xml:space="preserve"><![CDATA[<meta charset="UTF-8"><p>The Central Limit Theorem states that the sampling distribution of the sample mean is approximately normal under certain conditions. Which of the following is a necessary condition for the Central Limit Theorem to be used?&nbsp;</p>]]></mattext></material><response_lid
      ident="response" rcardinality="Single"><render_choice shuffle="Yes"><response_label ident="answer_1"
          rshuffle="No"><material><mattext texttype="TEXT/HTML"
        xml:space="preserve"><![CDATA[<p>The sample size must be large (e.g., at least 30)</p>]]></mattext></material></response_label><response_label
        ident="answer_2" rshuffle="No"><material><mattext texttype="TEXT/HTML"
        xml:space="preserve"><![CDATA[<p>The population size must be large (e.g., at least 30)</p>]]></mattext></material></response_label><response_label
        ident="answer_3" rshuffle="No"><material><mattext texttype="TEXT/HTML"
        xml:space="preserve"><![CDATA[<p>The population from which we are sampling must be normally distributed</p>]]></mattext></material></response_label><response_label
        ident="answer_4" rshuffle="No"><material><mattext texttype="TEXT/HTML"
       xml:space="preserve"><![CDATA[<p>The population from which we are sampling must not be normally distributed</p>]]></mattext></material></response_label></render_choice></response_lid></presentation><resprocessing><outcomes><decvar
       maxvalue="100" minvalue="0" varname="SCORE" vartype="Decimal"/></outcomes><respcondition
        continue="No"><conditionvar><varequal case="Yes" respident="response">answer_1</varequal></conditionvar><setvar
       action="Set" varname="SCORE">100</setvar></respcondition></resprocessing></item><item
       ident="QUE__545469756_1"><itemmetadata><qtimetadata><qtimetadatafield><fieldlabel>cc_profile</fieldlabel><fieldentry>cc.multiple_choice.v0p1</fieldentry></qtimetadatafield><qtimetadatafield><fieldlabel>cc_weighting</fieldlabel><fieldentry>0</fieldentry></qtimetadatafield><qtimetadatafield><fieldlabel>qmd_computerscored</fieldlabel><fieldentry>Yes</fieldentry></qtimetadatafield></qtimetadata></itemmetadata><presentation><material><mattext
       texttype="TEXT/HTML"
      xml:space="preserve"><![CDATA[<meta charset="UTF-8"><p>The Central Limit Theorem is important in statistics because</p>]]></mattext></material><response_lid
      ident="response" rcardinality="Single"><render_choice shuffle="Yes"><response_label ident="answer_1"
          rshuffle="No"><material><mattext texttype="TEXT/HTML"
        xml:space="preserve"><![CDATA[<meta charset="UTF-8"><p>for any size sample, it says the sampling distribution of the sample mean is approximately normal</p>]]></mattext></material></response_label><response_label
        ident="answer_2" rshuffle="No"><material><mattext texttype="TEXT/HTML"
        xml:space="preserve"><![CDATA[<meta charset="UTF-8"><p>for any population, it says the sampling distribution of the sample mean is approximately normal, regardless of the sample size&nbsp;</p>]]></mattext></material></response_label><response_label
        ident="answer_3" rshuffle="No"><material><mattext texttype="TEXT/HTML"
        xml:space="preserve"><![CDATA[<meta charset="UTF-8"><p>for a large&nbsp;<i>n</i>, it says the sampling distribution of the sample mean is approximately normal, regardless of the population</p>]]></mattext></material></response_label><response_label
        ident="answer_4" rshuffle="No"><material><mattext texttype="TEXT/HTML"
       xml:space="preserve"><![CDATA[<meta charset="UTF-8"><p>for a large&nbsp;<i>n</i>, it says the population is approximately normal</p>]]></mattext></material></response_label></render_choice></response_lid></presentation><resprocessing><outcomes><decvar
       maxvalue="100" minvalue="0" varname="SCORE" vartype="Decimal"/></outcomes><respcondition
        continue="No"><conditionvar><varequal case="Yes" respident="response">answer_3</varequal></conditionvar><setvar
       action="Set" varname="SCORE">100</setvar></respcondition></resprocessing></item><item
       ident="QUE__545469757_1"><itemmetadata><qtimetadata><qtimetadatafield><fieldlabel>cc_profile</fieldlabel><fieldentry>cc.multiple_choice.v0p1</fieldentry></qtimetadatafield><qtimetadatafield><fieldlabel>cc_weighting</fieldlabel><fieldentry>0</fieldentry></qtimetadatafield><qtimetadatafield><fieldlabel>qmd_computerscored</fieldlabel><fieldentry>Yes</fieldentry></qtimetadatafield></qtimetadata></itemmetadata><presentation><material><mattext
       texttype="TEXT/HTML"
      xml:space="preserve"><![CDATA[<meta charset="UTF-8"><p>The daily revenue at a university snack bar has been recorded for the past five years. Records indicate that the mean daily revenue is $1500 and the standard deviation is $500. The distribution is skewed to the right due to several high volume days (football game days). Suppose that 100 days are randomly selected and the average daily revenue computed. Which of the following describes the sampling distribution of the sample mean?&nbsp;</p>]]></mattext></material><response_lid
      ident="response" rcardinality="Single"><render_choice shuffle="Yes"><response_label ident="answer_1"
          rshuffle="No"><material><mattext texttype="TEXT/HTML"
        xml:space="preserve"><![CDATA[<meta charset="UTF-8"><p>normally distributed with a mean of $1500 and a standard deviation of $500&nbsp;</p>]]></mattext></material></response_label><response_label
        ident="answer_2" rshuffle="No"><material><mattext texttype="TEXT/HTML"
        xml:space="preserve"><![CDATA[<p>normally distributed with a mean of $1500 and a standard deviation of $50</p>]]></mattext></material></response_label><response_label
        ident="answer_3" rshuffle="No"><material><mattext texttype="TEXT/HTML"
        xml:space="preserve"><![CDATA[<meta charset="UTF-8"><p>skewed to the right with a mean of $1500 and a standard deviation of $50</p>]]></mattext></material></response_label><response_label
        ident="answer_4" rshuffle="No"><material><mattext texttype="TEXT/HTML"
       xml:space="preserve"><![CDATA[<meta charset="UTF-8"><p>skewed to the right with a mean of $1500 and a standard deviation of $500&nbsp;</p>]]></mattext></material></response_label></render_choice></response_lid></presentation><resprocessing><outcomes><decvar
       maxvalue="100" minvalue="0" varname="SCORE" vartype="Decimal"/></outcomes><respcondition
        continue="No"><conditionvar><varequal case="Yes" respident="response">answer_2</varequal></conditionvar><setvar
       action="Set" varname="SCORE">100</setvar></respcondition></resprocessing></item><item
       ident="QUE__545469758_1"><itemmetadata><qtimetadata><qtimetadatafield><fieldlabel>cc_profile</fieldlabel><fieldentry>cc.multiple_choice.v0p1</fieldentry></qtimetadatafield><qtimetadatafield><fieldlabel>cc_weighting</fieldlabel><fieldentry>0</fieldentry></qtimetadatafield><qtimetadatafield><fieldlabel>qmd_computerscored</fieldlabel><fieldentry>Yes</fieldentry></qtimetadatafield></qtimetadata></itemmetadata><presentation><material><mattext
       texttype="TEXT/HTML"
      xml:space="preserve"><![CDATA[<meta charset="UTF-8"><p>A random sample of 250 students at a university finds that these students take a mean of 14.3 credit hours per quarter with a standard deviation of 1.7 credit hours. The 95% confidence interval for the mean is 14.3&nbsp;±&nbsp;0.211. Interpret the interval.&nbsp;</p>]]></mattext></material><response_lid
      ident="response" rcardinality="Single"><render_choice shuffle="Yes"><response_label ident="answer_1"
          rshuffle="No"><material><mattext texttype="TEXT/HTML"
        xml:space="preserve"><![CDATA[<p>95% of the students take between 14.089 to 14.511 credit hours per quarter.</p>]]></mattext></material></response_label><response_label
        ident="answer_2" rshuffle="No"><material><mattext texttype="TEXT/HTML"
        xml:space="preserve"><![CDATA[<meta charset="UTF-8"><p>We are 95% confident that the average number of credit hours per quarter of students at the university&nbsp;falls in the interval 14.089 to 14.511 hours.</p>]]></mattext></material></response_label><response_label
        ident="answer_3" rshuffle="No"><material><mattext texttype="TEXT/HTML"
        xml:space="preserve"><![CDATA[<meta charset="UTF-8"><p>We are 95% confident that the average number of credit hours per quarter of the sampled students falls in&nbsp;the interval 14.089 to 14.511 hours</p>]]></mattext></material></response_label><response_label
        ident="answer_4" rshuffle="No"><material><mattext texttype="TEXT/HTML"
       xml:space="preserve"><![CDATA[<meta charset="UTF-8"><p>The probability that a student takes 14.089 to 14.511 credit hours in a quarter is 0.95.&nbsp;</p>]]></mattext></material></response_label></render_choice></response_lid></presentation><resprocessing><outcomes><decvar
       maxvalue="100" minvalue="0" varname="SCORE" vartype="Decimal"/></outcomes><respcondition
        continue="No"><conditionvar><varequal case="Yes" respident="response">answer_2</varequal></conditionvar><setvar
       action="Set" varname="SCORE">100</setvar></respcondition></resprocessing></item></section></assessment></questestinterop>
